Date,Job,Location,Offer_Decision,Experience,Interview_Diff,Application_Text,InterviewQs,Interview_Text
,Project Lead Interview,Anonymous Employee in New Delhi (India),Accepted Offer,Positive Experience,Average Interview,I applied through college or university. I interviewed at ExxonMobil (New Delhi (India)) in April 2015.,Can culture be taught in B-schools? Will it change you as a person? Â  1 Answer,Application
"Mar 11, 2020",Environmental Engineer Interview,Anonymous Interview Candidate,No Offer,Neutral Experience,Average Interview,I applied through college or university. I interviewed at ExxonMobil.,What's a creative way you've solved a problem? Â  Answer Question,Application
"Feb 13, 2020",Global Affairs Associate Interview,Anonymous Interview Candidate,No Offer,Positive Experience,Difficult Interview,I applied through college or university. I interviewed at ExxonMobil in February 2020.,What are some situations where you have had to be a leader? Â  Answer Question,Application
"Jan 11, 2020",Research Scientist Interview,Anonymous Employee,Accepted Offer,Positive Experience,Difficult Interview,I applied online. I interviewed at ExxonMobil.,Why do you choose ExxonMobil Â  Answer Question,Application
"Jan 6, 2020",Entry Level Mechanical Engineer Interview,Anonymous Interview Candidate,No Offer,Positive Experience,Easy Interview,I applied through college or university. I interviewed at ExxonMobil.,When do you graduate? Â  1 Answer,Application
"Dec 30, 2019",Engineering Interview,"Anonymous Interview Candidate in Los Angeles, CA",No Offer,Positive Experience,Easy Interview,"I applied through college or university. The process took 2 days. I interviewed at ExxonMobil (Los Angeles, CA).",Why Exxon? Tell me about a time you worked in a team. Â  Answer Question,Application
"Dec 18, 2019",Chemical Engineer Co-Op Interview,Anonymous Employee,Accepted Offer,Positive Experience,Average Interview,I applied in-person. I interviewed at ExxonMobil.,Tell me about a time you had a disagreement with someone in a team project. Â  Answer Question,Application
"Nov 6, 2019",Finance Interview,Anonymous Employee,Accepted Offer,Positive Experience,Average Interview,I applied through college or university. The process took 2 weeks. I interviewed at ExxonMobil.,Why corporate finance? Â  1 Answer,Application
"Oct 22, 2019",Engineer Interview,"Anonymous Interview Candidate in Spring, TX",No Offer,Positive Experience,Average Interview,"I applied through college or university. The process took 4+ weeks. I interviewed at ExxonMobil (Spring, TX).","What was a problem you encountered while traveling, and how did you overcome this? Â  Answer Question",Application
"Oct 15, 2019",Financial Analyst Interview,Anonymous Interview Candidate,No Offer,Neutral Experience,Easy Interview,I applied through college or university. I interviewed at ExxonMobil.,"talk about your most recent internship
describe a failure Â  Answer Question",Application
"Oct 4, 2019",Intern Interview,Anonymous Interview Candidate,No Offer,Positive Experience,Easy Interview,"I went to the career fair and was selected for an on-campus interview, as well as a pre-interview dinner/info session. Everyone was so unbelievably nice and gave me so much information about Exxon. My interviewer was an OU alum and even told me that she didn't get an internship at Exxon when she was in college so if I were not selected to not feel bad.",What was your favorite part of your previous internship? Â  Answer Question,Application
"Oct 2, 2019",Supply Chain Interview,"Anonymous Employee in Houston, TX",Accepted Offer,Positive Experience,Average Interview,"I applied through college or university. The process took 4+ weeks. I interviewed at ExxonMobil (Houston, TX) in October 2019.",Why do you want to work for Exxon? Â  Answer Question,Application
"Dec 1, 2019",Construction Manager Interview,"Anonymous Employee in Houston, TX",Accepted Offer,Positive Experience,Average Interview,"I applied through college or university. The process took 2 weeks. I interviewed at ExxonMobil (Houston, TX) in October 2019.",Name a time when you worked with a team and had to resolve a conflict? How did you handle this situation? Â  Answer Question,Application
"Jan 6, 2020",Internship Interview,"Anonymous Employee in Boulder, CO",Accepted Offer,Positive Experience,Average Interview,"I applied through college or university. The process took 2+ months. I interviewed at ExxonMobil (Boulder, CO) in October 2019.",Why should I choose you? Â  Answer Question,Application
"Dec 11, 2019",Summer Interview,"Anonymous Interview Candidate in Ann Arbor, MI",No Offer,Positive Experience,Easy Interview,"I applied through college or university. The process took 2 weeks. I interviewed at ExxonMobil (Ann Arbor, MI) in October 2019.",Describe a situation when a team member or subordinate refused to cooperate with you and how you handled the situation Â  Answer Question,Application
"Oct 11, 2019",Engineering Co-Op Interview,"Anonymous Interview Candidate in Columbus, OH",No Offer,Positive Experience,Average Interview,"I applied through college or university. The process took 2 weeks. I interviewed at ExxonMobil (Columbus, OH) in October 2019.",What has been the most rewarding experience? Â  Answer Question,Application
"Nov 18, 2019",ExxonMobil IT Interview,"Anonymous Interview Candidate in Bloomington, IN",No Offer,Positive Experience,Easy Interview,"I applied through college or university. The process took 2 weeks. I interviewed at ExxonMobil (Bloomington, IN) in October 2019.",Describe everything you would need to know to design a bus route app for your college campus. Â  Answer Question,Application
"Jan 29, 2020",Engineer In Operations Interview,"Anonymous Employee in Houston, TX",Accepted Offer,Positive Experience,Easy Interview,"I applied through college or university. The process took 2+ months. I interviewed at ExxonMobil (Houston, TX) in October 2019.",Tell me about a time you had to come up with a solution on the stop Â  Answer Question,Application
"Sep 30, 2019",Internship Interview,Anonymous Interview Candidate,No Offer,Positive Experience,Average Interview,I applied through college or university. I interviewed at ExxonMobil.,Describe a time when you have limited resources to accomplish a task. Â  Answer Question,Application
"Sep 20, 2019",Engineering Interview,Anonymous Interview Candidate,Declined Offer,Positive Experience,Average Interview,I applied through college or university. I interviewed at ExxonMobil.,Name a time that you made a mistake on a project and tell me how you resolved it. Â  Answer Question,Application
"Sep 8, 2019",Controller's Interview,Anonymous Employee,Accepted Offer,Positive Experience,Average Interview,I applied through college or university. I interviewed at ExxonMobil.,"Interview consisted of mostly basic behavioral questions (tell me about a time, etc...). A couple basic technicals ""walk me through an income statement"", and basic questions about supply/demand in the oil markets. Â  Answer Question",Application
"Sep 24, 2019",Internship Interview,Anonymous Employee,Accepted Offer,Positive Experience,Easy Interview,I applied through college or university. I interviewed at ExxonMobil in September 2019.,What role do you see yourself in ExxonMobile? Â  Answer Question,Application
"Sep 29, 2019",Software Engineer(Internship) Interview,"Anonymous Employee in Auburn, AL",Accepted Offer,Positive Experience,Easy Interview,"I applied through college or university. The process took a week. I interviewed at ExxonMobil (Auburn, AL) in September 2019.",Tell me about a time you had a stressful project and how you dealt with it. Â  1 Answer,Application
"Oct 22, 2019",Intern Interview,"Anonymous Employee in Ann Arbor, MI",Accepted Offer,Positive Experience,Average Interview,"I applied through college or university. The process took 3 weeks. I interviewed at ExxonMobil (Ann Arbor, MI) in September 2019.",Why do you want to work for Exxonmobil? Â  1 Answer,Application
"Nov 14, 2019",IT Interview,"Anonymous Interview Candidate in Houston, TX",No Offer,Positive Experience,Average Interview,"I applied online. The process took a week. I interviewed at ExxonMobil (Houston, TX) in September 2019.",Why do you want to work for Exxon? Â  Answer Question,Application
"Nov 4, 2019",Anonymous Interview,"Anonymous Employee in Gainesville, FL",Accepted Offer,Positive Experience,Average Interview,"I applied through college or university. The process took 6 weeks. I interviewed at ExxonMobil (Gainesville, FL) in September 2019.","What is your favorite class? Why? What is your least favorite class? Why (First Interview)
Why Exxon? (Second Interview) Â  Answer Question",Application
"Nov 18, 2019",Engineering Interview,"Anonymous Interview Candidate in Boulder, CO",No Offer,Neutral Experience,Average Interview,"I applied online. I interviewed at ExxonMobil (Boulder, CO) in September 2019.",Tell me about a time you had a conflict. Using the STAR method Â  Answer Question,Application
"Feb 5, 2020",Data Science Interview,Anonymous Interview Candidate,No Offer,Neutral Experience,Average Interview,I applied through college or university. I interviewed at ExxonMobil in September 2019.,A time when you show innovation Â  1 Answer,Application
"Jun 10, 2019",Operator Interview,"Anonymous Interview Candidate in Olathe, KS",No Offer,Positive Experience,Difficult Interview,"I applied online. I interviewed at ExxonMobil (Olathe, KS) in June 2019.",What is your weakness? Â  Answer Question,Application
"Apr 30, 2019",Front End Cashier Interview,"Anonymous Interview Candidate in Baytown, TX",No Offer,Positive Experience,Easy Interview,"I applied online. The process took a week. I interviewed at ExxonMobil (Baytown, TX) in April 2019.",Previous experience in this field Â  1 Answer,Application
"Mar 16, 2019",Process Operator Interview,"Anonymous Employee in Baton Rouge, LA",Accepted Offer,Positive Experience,Average Interview,"I applied online. The process took 4 weeks. I interviewed at ExxonMobil (Baton Rouge, LA).",If you were a part of a work group and asked to complete a task and did not know the steps what would you do Â  Answer Question,Application
"Jul 22, 2019",Financial Analyst Interview,"Anonymous Interview Candidate in Tucson, AZ",No Offer,Positive Experience,Average Interview,"I applied through college or university. The process took a week. I interviewed at ExxonMobil (Tucson, AZ) in March 2019.",What is a situation where you had to overcome a problem? Â  2 Answers,Application
"May 8, 2019",Project Interview,"Anonymous Interview Candidate in Midland, TX",No Offer,Positive Experience,Easy Interview,"I applied through an employee referral. I interviewed at ExxonMobil (Midland, TX) in March 2019.",Experience in Project Work Â  1 Answer,Application
"Apr 10, 2019",Data Scientist Interview,Anonymous Interview Candidate,No Offer,Positive Experience,Average Interview,I applied online. The process took 1 day. I interviewed at ExxonMobil in March 2019.,what is your research? Â  Answer Question,Application
"Feb 12, 2019",Researcher Interview,Anonymous Interview Candidate,No Offer,Negative Experience,Average Interview,The whole process is very slow and no follow up from HR. So far i do not know the answer after one year. One year after submission and followed by phone interviewer.,Behavior questions Â  Answer Question,Application
"Feb 17, 2019",Project Manager Interview,"Anonymous Interview Candidate in College Station, TX",No Offer,Positive Experience,Average Interview,"I applied through college or university. The process took 1 day. I interviewed at ExxonMobil (College Station, TX) in February 2019.",Where do you want to be located Â  1 Answer,Application
"Sep 13, 2019",Intern Interview,"Anonymous Interview Candidate in Clemson, SC",No Offer,Neutral Experience,Average Interview,"I applied through college or university. The process took a week. I interviewed at ExxonMobil (Clemson, SC) in January 2019.",Adversity questions Â  Answer Question,Application
"Jun 11, 2019",Engineering Interview,"Anonymous Interview Candidate in Seattle, WA",Declined Offer,Positive Experience,Difficult Interview,"I applied through other source. The process took 3 weeks. I interviewed at ExxonMobil (Seattle, WA) in January 2019.",Tell us a time when things didn't go your way Â  Answer Question,Application
"Dec 10, 2018",Project Manager Interview,"Anonymous Employee in Houston, TX",Accepted Offer,Positive Experience,Average Interview,"I applied in-person. The process took 2+ weeks. I interviewed at ExxonMobil (Houston, TX).","Tell me about yourself?
What made me want to work for Exxon?
Tell me about a time questions:
â¢When you had to use creative thinking?
â¢When you had to Persuade a team to follow your lead?
â¢When a project didnât go as planned?What did you do and what was the outcome? Â  Answer Question",Application
"Jan 23, 2019",Research and Development Engineer Interview,"Anonymous Employee in Houston, TX",Accepted Offer,Positive Experience,Average Interview,"I applied through college or university. The process took 2+ months. I interviewed at ExxonMobil (Houston, TX) in December 2018.",How is your research gonna benefit the company? Â  Answer Question,Application
"Dec 3, 2018",Human Resources Advisor Interview,Anonymous Employee,Accepted Offer,Positive Experience,Average Interview,I applied through college or university. The process took 6 weeks. I interviewed at ExxonMobil.,They ask about why you are interested in oil & gas/energy industry? Why Exxon? How do you feel about a career in Houston/Gulf Coast area? Â  Answer Question,Application
"Nov 14, 2018",Procurement Specialist Interview,Anonymous Interview Candidate,No Offer,Positive Experience,Average Interview,I applied through college or university. I interviewed at ExxonMobil.,Describe a time you had to overcome a challenge Â  Answer Question,Application
"Nov 10, 2018",EMIT Interview,"Anonymous Employee in Atlanta, GA",Accepted Offer,Positive Experience,Easy Interview,"I applied through college or university. The process took 5 days. I interviewed at ExxonMobil (Atlanta, GA).",What's your favorite class? Â  Answer Question,Application
"Nov 5, 2018",Process Engineer Interview,Anonymous Employee,Accepted Offer,Positive Experience,Average Interview,I applied through college or university. I interviewed at ExxonMobil.,"Tell us about a problem you faced during one of your internships, and how you solved it. Â  Answer Question",Application
"Feb 25, 2019",Lab Technician Interview,"Anonymous Employee in Beaumont, TX",Accepted Offer,Positive Experience,Average Interview,"I applied in-person. The process took 3+ months. I interviewed at ExxonMobil (Beaumont, TX) in November 2018.",When did you go out of your way to help a coworker Â  1 Answer,Application
"Feb 27, 2019",First Line Supervisor Interview,"Anonymous Interview Candidate in New York, NY",No Offer,Neutral Experience,Difficult Interview,"I applied online. The process took 5+ weeks. I interviewed at ExxonMobil (New York, NY) in November 2018.",Give an example of dealing with a problem coworker and how did it get resolved Â  Answer Question,Application
"May 12, 2019",Mechanical Engineer Interview,"Anonymous Employee in Baton Rouge, LA",Accepted Offer,Positive Experience,Average Interview,"I applied through college or university. The process took 2+ months. I interviewed at ExxonMobil (Baton Rouge, LA) in November 2018.",Do you see yourself succeeding in this company and environment? Â  Answer Question,Application
"Oct 28, 2018",Intern Interview,Anonymous Interview Candidate,No Offer,Negative Experience,Average Interview,I applied through college or university. I interviewed at ExxonMobil.,Why do you want to apply our company? Â  Answer Question,Application
"Oct 24, 2018",Summer Interview,Anonymous Interview Candidate,No Offer,Neutral Experience,Average Interview,I applied through college or university. The process took 5 weeks. I interviewed at ExxonMobil.,Explain a time you had to convince others that your opinion was correct. Â  Answer Question,Application
"Oct 20, 2018",Full Time Research Engineer Interview,Anonymous Employee,Accepted Offer,Positive Experience,Average Interview,I applied through college or university. The process took 2 days. I interviewed at ExxonMobil.,What's the most significant achievement in your research? Â  Answer Question,Application
"Oct 17, 2018",Engineering Student Seeking Interview,Anonymous Employee,Accepted Offer,Positive Experience,Easy Interview,I applied through college or university. I interviewed at ExxonMobil.,"Describe a time you had to get a team member excited for a project.

Describe a time a team member was getting your team off track or making it hard to move forward.

Describe a time you came up with a unique solution

Describe a time you had multiple solutions and how you chose your ultimate solution

Describe something you do that makes you excited and describe something that you feel more drained afterâ¦Â  doing (type of work)

Describe a time you worked with a diverse group of people and how that went. Â  Answer QuestionShow More",Application
"Oct 15, 2018",Software Engineer(Internship) Interview,Anonymous Interview Candidate,No Offer,Neutral Experience,Average Interview,I applied through college or university. I interviewed at ExxonMobil.,When was a time you had to deal with a difficult teammate? Â  Answer Question,Application
"Oct 23, 2018",Internship Interview,Anonymous Interview Candidate,No Offer,Positive Experience,Average Interview,I applied through college or university. The process took 3 days. I interviewed at ExxonMobil in October 2018.,Describe a time when you had multiple options to solve a problem and had to choose the best one. Â  Answer Question,Application
"Oct 3, 2018",Graduating Senior Looking for Full Time Engineering Position Interview,"Anonymous Interview Candidate in Campus, OH",No Offer,Positive Experience,Average Interview,"I applied through college or university. I interviewed at ExxonMobil (Campus, OH).",Describe a situation where you had an opposing view than your colleague or entered into an argument and how did you resolve it? Â  1 Answer,Application
"Oct 14, 2018",Intern Interview,"Anonymous Employee in El Paso, TX",Accepted Offer,Positive Experience,Average Interview,"I applied through college or university. The process took 2 weeks. I interviewed at ExxonMobil (El Paso, TX) in October 2018.",Tell me about a time you were working on a project and the expectations and guidelines were changed mid way. What did you do and what were your results. Â  Answer Question,Application
"Jun 5, 2019",Controller Interview,Anonymous Employee,Accepted Offer,Positive Experience,Easy Interview,I applied through college or university. The process took 2 weeks. I interviewed at ExxonMobil in October 2018.,Can you tell me about a time you worked as a team? Â  Answer Question,Application
"Sep 8, 2019",Engineering Interview,"Anonymous Interview Candidate in Los Angeles, CA",No Offer,Neutral Experience,Difficult Interview,"I applied through college or university. The process took 2 weeks. I interviewed at ExxonMobil (Los Angeles, CA) in October 2018.",Tell me about a time where you had to work in a team. Â  1 Answer,Application
"Oct 29, 2018",Business Analyst Interview,"Anonymous Interview Candidate in Houston, TX",No Offer,Negative Experience,Average Interview,"I applied online. The process took 8+ weeks. I interviewed at ExxonMobil (Houston, TX) in October 2018.",Walk us through an NPV analysis of a new facility in a new county. Â  Answer Question,Application
"Oct 12, 2018",Engineering/Co-Op 2019 Interview,"Anonymous Interview Candidate in Champaign, IL",Declined Offer,Negative Experience,Easy Interview,"I applied through college or university. The process took 2+ months. I interviewed at ExxonMobil (Champaign, IL) in October 2018.",What chemical engineering classes have you taken so far? Â  Answer Question,Application
"Dec 20, 2019",Geoscientist Interview,"Anonymous Employee in Miami, FL",Accepted Offer,Positive Experience,Easy Interview,"I applied through a recruiter. The process took 4+ weeks. I interviewed at ExxonMobil (Miami, FL) in October 2018.",How would you describe your leadership style? Â  1 Answer,Application
"Sep 21, 2018",Phd Engineer Interview,Anonymous Interview Candidate,No Offer,Positive Experience,Easy Interview,I applied through college or university. I interviewed at ExxonMobil.,Describe your research as you would to a higher level manager at the company Â  Answer Question,Application
"Nov 11, 2018",Internship Interview,"Anonymous Interview Candidate in Hoboken, NJ",No Offer,Positive Experience,Easy Interview,"I applied through college or university. The process took 4+ weeks. I interviewed at ExxonMobil (Hoboken, NJ) in September 2018.",What are you greatest strengths? Weaknesses? Â  Answer Question,Application
"Oct 19, 2018",Fixed Equipment Engineer Interview,"Anonymous Employee in Baytown, TX",Accepted Offer,Positive Experience,Average Interview,"I applied in-person. The process took 6+ weeks. I interviewed at ExxonMobil (Baytown, TX) in September 2018.",What would be the minimum pipe wall thickness for a A106 grade B pipe with design temperature of 600F at 100 psi. Â  2 Answers,Application
"Nov 13, 2018",Internship Interview,"Anonymous Employee in Baton Rouge, LA",Accepted Offer,Positive Experience,Average Interview,"I applied through college or university. The process took a week. I interviewed at ExxonMobil (Baton Rouge, LA) in September 2018.",Has there ever been a time that you've needed to work with a group that wasn't enthusiastic about your project or difficult to work with? How did you handle it? Â  Answer Question,Application
"Sep 18, 2019",Internship Interview,"Anonymous Interview Candidate in Ithaca, NY",No Offer,Positive Experience,Easy Interview,"I applied through college or university. The process took 1 day. I interviewed at ExxonMobil (Ithaca, NY) in September 2018.",Talk about a time something went wrong on one of your projects and how you handled it? Â  Answer Question,Application
"Nov 6, 2018",IT Interview,"Anonymous Employee in Edinburg, TX",Accepted Offer,Positive Experience,Average Interview,"I applied through college or university. The process took 4 weeks. I interviewed at ExxonMobil (Edinburg, TX) in September 2018.",Tell me about a time when someone did not agree with your idea and you had to use persuasion. How did it turn out? Â  1 Answer,Application
"May 30, 2019",Administrative Assistant Interview,"Anonymous Interview Candidate in Spring, TX",Declined Offer,Positive Experience,Average Interview,"I applied online. The process took 2 weeks. I interviewed at ExxonMobil (Spring, TX) in September 2018.",Past duties that pertain to job opportunity Â  Answer Question,Application
"Sep 22, 2018",Senior Research Engineer Interview,"Anonymous Employee in Champaign, IL",Accepted Offer,Positive Experience,Average Interview,"I applied through college or university. The process took a week. I interviewed at ExxonMobil (Champaign, IL) in September 2018.",Why do you choose to attend your current institution Â  1 Answer,Application
"Jul 6, 2019",Engineer Interview,"Anonymous Interview Candidate in Worcester, MA",No Offer,Negative Experience,Easy Interview,"I applied through college or university. The process took 4 days. I interviewed at ExxonMobil (Worcester, MA) in September 2018.",What do you do when you have down time in school? Â  2 Answers,Application
"Sep 21, 2018",Human Resources Interview,Anonymous Employee,Accepted Offer,Positive Experience,Average Interview,I applied through college or university. The process took 2 weeks. I interviewed at ExxonMobil in September 2018.,Name a time you had to persuade your team or subordinates to follow an idea you had. What were the results - influence others? Â  1 Answer,Application
"Mar 9, 2019",Engineering Interview,"Anonymous Interview Candidate in Provo, UT",No Offer,Positive Experience,Average Interview,"I applied through a recruiter. The process took 2 weeks. I interviewed at ExxonMobil (Provo, UT) in September 2018.",Describe a time when you demonstrated leadership qualities. Â  Answer Question,Application
"Nov 7, 2018",Chemical Engineer Interview,"Anonymous Interview Candidate in Worcester, MA",No Offer,Positive Experience,Easy Interview,"I applied through college or university. I interviewed at ExxonMobil (Worcester, MA) in September 2018.",Explain a time where you made a mistake and how did you fix it? Â  Answer Question,Application
"Nov 30, 2018",Mechanical Engineer Interview,"Anonymous Employee in Atlanta, GA",Accepted Offer,Positive Experience,Average Interview,"I applied through college or university. The process took 6 weeks. I interviewed at ExxonMobil (Atlanta, GA) in September 2018.","Tell me about a time that you didn't have the resources you needed to complete your research, and how you dealt with that. Â  Answer Question",Application
"Mar 14, 2019",Geoscience Interview,"Anonymous Interview Candidate in Houston, TX",No Offer,Neutral Experience,Average Interview,"I applied through a recruiter. The process took 3+ months. I interviewed at ExxonMobil (Houston, TX) in September 2018.","Describe your research work.
Tell me a time when you had to work with people? Â  Answer Question",Application
"Oct 2, 2018",Mechanical Contact Engineer Interview,"Anonymous Employee in Baytown, TX",Accepted Offer,Positive Experience,Difficult Interview,"I applied through college or university. The process took 3 weeks. I interviewed at ExxonMobil (Baytown, TX) in September 2018.","Technical interview asked extremely technical questions about my experiences listed on my resume.
Leadership interview touched typical behavioral problems (how did you motivate your team, name a time you had to learn a large amount in a short time and how did you do it, etc)
Management interview was pretty much meeting the overall supervisor and getting his approval, not really a formal interview. Â  1 Answer",Application
"Feb 7, 2019",PhD Student- Chemist Interview,"Anonymous Interview Candidate in Evanston, IL",No Offer,Positive Experience,Average Interview,"I applied through college or university. The process took 4+ weeks. I interviewed at ExxonMobil (Evanston, IL) in September 2018.",Tell me about a conflict that you encountered and how you went about addressing it. Â  Answer Question,Application
"Sep 28, 2018",Internship Interview,Anonymous Interview Candidate,No Offer,Positive Experience,Difficult Interview,I applied online. The process took 2 weeks. I interviewed at ExxonMobil in August 2018.,how do you know our company? how do you think you are a good fit for this position? Â  Answer Question,Application
"Sep 10, 2018",Reservoir Engineer Interview,"Anonymous Interview Candidate in New York, NY",No Offer,Positive Experience,Easy Interview,"I applied through college or university. The process took 6+ weeks. I interviewed at ExxonMobil (New York, NY) in August 2018.",Question related to CV. Â  Answer Question,Application
"Jul 27, 2018",IT Project Manager Interview,"Anonymous Interview Candidate in Houston, TX",Declined Offer,Positive Experience,Average Interview,"I applied through a recruiter. The process took 2 weeks. I interviewed at ExxonMobil (Houston, TX) in June 2018.",Tell me about yourself. How do you influence people. Tell about a time you lead a project. Tell about a weakness. Â  Answer Question,Application
"Mar 7, 2018",Reservoir Engineer Interview,Anonymous Employee,Accepted Offer,Positive Experience,Easy Interview,I applied through college or university. The process took 1 day. I interviewed at ExxonMobil.,Not much was asked of me - I just mostly listened to what the interviewers said about the company. Â  1 Answer,Application
"Jul 19, 2018",Financial Analyst Interview,"Anonymous Interview Candidate in Houston, TX",Declined Offer,Positive Experience,Average Interview,"I applied online. The process took 3 weeks. I interviewed at ExxonMobil (Houston, TX) in May 2018.",What moves oil prices? Â  Answer Question,Application
"Aug 13, 2018",Geoscience Technician Students Seeking Full Time Opportunities for 2018 Interview,"Anonymous Interview Candidate in Houston, TX",No Offer,Positive Experience,Average Interview,"I applied online. The process took 5+ months. I interviewed at ExxonMobil (Houston, TX) in May 2018.",Challenges you face when dealing with a specific job Â  Answer Question,Application
"Apr 13, 2018",Finance/Accounting Analyst Interview,"Anonymous Interview Candidate in Houston, TX",No Offer,Positive Experience,Average Interview,"I applied through college or university. The process took 3 weeks. I interviewed at ExxonMobil (Houston, TX).",What moves the price of oil Â  Answer Question,Application
"Oct 18, 2018",Intern Interview,"Anonymous Employee in Newark, NJ",Accepted Offer,Positive Experience,Easy Interview,"I applied through college or university. I interviewed at ExxonMobil (Newark, NJ) in April 2018.",-whats your weakness Â  Answer Question,Application
"Apr 3, 2018",Process Technician Interview,"Anonymous Interview Candidate in Pensacola, FL",No Offer,Neutral Experience,Average Interview,"I applied online. The process took 2+ months. I interviewed at ExxonMobil (Pensacola, FL) in April 2018.",Tell me about yourself. Â  Answer Question,Application
"Mar 13, 2018",Computational Scientist Interview,"Anonymous Interview Candidate in Houston, TX",No Offer,Negative Experience,Average Interview,"I applied through an employee referral. The process took 4+ weeks. I interviewed at ExxonMobil (Houston, TX).",I was asked to give a summary of my research. The only other question that I specifically remember was about decomposition techniques for integer programs. Â  Answer Question,Application
"Jan 12, 2018",Administrative Assistant Interview,"Anonymous Employee in Houston, TX",Accepted Offer,Positive Experience,Easy Interview,"I applied online. The process took 2+ months. I interviewed at ExxonMobil (Houston, TX).",Why do you want to work with ExxonMobil? Â  Answer Question,Application
"Jan 20, 2018",Engineer Interview,"Anonymous Employee in Houston, TX",Accepted Offer,Positive Experience,Average Interview,"The process took 3+ months. I interviewed at ExxonMobil (Houston, TX).",Discuss a time you kept repeating something through trial and error and kept failing. How did you eventually overcome this challenge? Â  Answer Question,Application
"Sep 18, 2019",Information Technology Interview,"Anonymous Interview Candidate in Phoenix, AZ",Declined Offer,Positive Experience,Average Interview,"I applied through college or university. The process took 6 days. I interviewed at ExxonMobil (Phoenix, AZ) in February 2018.",How have your grown in college that will set you up for the work force? Â  Answer Question,Application
"Apr 9, 2018",Terminal Operator Interview,"Anonymous Employee in Houston, TX",Accepted Offer,Positive Experience,Easy Interview,"I applied online. The process took 5+ months. I interviewed at ExxonMobil (Houston, TX) in February 2018.","A important machine isn't working properly and your manager and mechanic isn't present.How would you go about handling the situation.

Explain a time when you had to go above your job duties to finish a task. Â  Answer Question",Application
"Dec 17, 2017",Process Operator Interview,Anonymous Employee,Accepted Offer,Positive Experience,Easy Interview,The process took 3+ months. I interviewed at ExxonMobil.,Describe a time you were in a stressful situation and how you overcame that situation. Â  1 Answer,Application
"Jan 5, 2018",Fixed Equipment Engineer Interview,Anonymous Interview Candidate,No Offer,Positive Experience,Average Interview,I applied through college or university. The process took 5 weeks. I interviewed at ExxonMobil.,Lots of diving deep into your technical decision making Â  Answer Question,Application
"Jan 3, 2018",Early College Engineer Interview,"Anonymous Interview Candidate in Starkville, MS",No Offer,Positive Experience,Average Interview,"I applied through college or university. I interviewed at ExxonMobil (Starkville, MS).",They only had STAR questions Â  1 Answer,Application
"Jul 5, 2018",Terminal Operator Interview,"Anonymous Interview Candidate in Houston, TX",No Offer,Positive Experience,Average Interview,"I applied online. The process took 3+ months. I interviewed at ExxonMobil (Houston, TX) in January 2018.",Tell me about a time that you disagreed with a policy. Â  Answer Question,Application
"Oct 23, 2019",Postdoctoral Research Associate Interview,"Anonymous Employee in Vancouver, WA",Accepted Offer,Positive Experience,Average Interview,"I applied online. The process took 4+ weeks. I interviewed at ExxonMobil (Vancouver, WA) in January 2018.","What is your objective?
What is your expected salary? Â  Answer Question",Application
"Dec 16, 2017",Procurement Associate Interview,Anonymous Employee,Accepted Offer,Positive Experience,Easy Interview,The process took 5+ weeks. I interviewed at ExxonMobil.,Why did i study supply chain management Â  Answer Question,Application
"Sep 15, 2017",Intern Interview,Anonymous Employee,Accepted Offer,Positive Experience,Easy Interview,I applied through college or university. I interviewed at ExxonMobil in September 2017.,Tell me about a time where you had a group problem and you came up with the solution Â  Answer Question,Application
"Dec 8, 2017",Engineering Interview,Anonymous Interview Candidate,No Offer,Negative Experience,Difficult Interview,I applied through college or university. I interviewed at ExxonMobil.,What is a time you overcame a challenge working with others? Â  Answer Question,Application
"Nov 29, 2017",Engineer Interview,Anonymous Interview Candidate,No Offer,Positive Experience,Average Interview,I applied through college or university. The process took 2+ months. I interviewed at ExxonMobil.,Standard behaviorial questions and questions related to my projects Â  Answer Question,Application
"Nov 30, 2017",Technology Analyst Interview,"Anonymous Employee in Phoenix, AZ",Accepted Offer,Neutral Experience,Easy Interview,"I applied through college or university. The process took 1 day. I interviewed at ExxonMobil (Phoenix, AZ).",Decribe a difficult situation Â  1 Answer,Application
"Nov 23, 2017",Intern Interview,Anonymous Interview Candidate,No Offer,Positive Experience,Easy Interview,I applied through college or university. I interviewed at ExxonMobil.,Tell me about a time when you had to complete a task and didnât have enough information. Â  Answer Question,Application
"Nov 15, 2017",Process Engineer Interview,"Anonymous Employee in Houston, TX",Accepted Offer,Positive Experience,Average Interview,"I applied online. The process took 4+ weeks. I interviewed at ExxonMobil (Houston, TX).",Name a time when you went above and beyond what you were asked to do. Â  Answer Question,Application
"Nov 14, 2017",Engineering Interview,Anonymous Employee,Accepted Offer,Positive Experience,Easy Interview,It was all good. ExxonMobil recruited on campus and I applied through my university. Got an interview on campus and was notified that week of an offer. I declined because they had offered me an internship in a different semester than I could do. Overall a very positive experience.,Tell me about the most difficult task you solved at work and how did you go about it. Â  Answer Question,Application
"Nov 8, 2017",Engineer Interview,"Anonymous Employee in Houston, TX",Accepted Offer,Neutral Experience,Difficult Interview,"I applied through an employee referral. The process took 4+ weeks. I interviewed at ExxonMobil (Houston, TX).",different questions based on your experience and background Â  1 Answer,Application
"Oct 29, 2017",IT Engineer Interview,Anonymous Interview Candidate,No Offer,Neutral Experience,Easy Interview,I applied through college or university. I interviewed at ExxonMobil.,When was a time you changed your outlook on a problem? Â  Answer Question,Application
"Dec 13, 2018",Software Engineer(Internship) Interview,"Anonymous Employee in El Paso, TX",Accepted Offer,Positive Experience,Easy Interview,"I applied through college or university. I interviewed at ExxonMobil (El Paso, TX) in November 2017.",Why Exxon? Â  Answer Question,Application
"Feb 14, 2018",Research Scientist Interview,"Anonymous Interview Candidate in Houston, TX",No Offer,Negative Experience,Average Interview,"I applied through college or university. The process took 3+ months. I interviewed at ExxonMobil (Houston, TX) in November 2017.",Discussed my research Â  Answer Question,Application
"Aug 19, 2019",Chemical Engineer Interview,"Anonymous Employee in Houston, TX",Accepted Offer,Positive Experience,Average Interview,"I applied online. The process took 2+ months. I interviewed at ExxonMobil (Houston, TX) in November 2017.",Why I took programming class? Â  Answer Question,Application
"Oct 23, 2017",Supply Interview,Anonymous Interview Candidate,No Offer,Positive Experience,Average Interview,"Nice people, they really seemed like they wanted to get to know you. Very informative in the way they spoke. Every person really liked their job, and it was obvious in the way they talked about it",Mainly behavioral questions Â  Answer Question,Application
"Oct 16, 2017",Intern Interview,Anonymous Interview Candidate,No Offer,Positive Experience,Average Interview,I applied through college or university. I interviewed at ExxonMobil.,Describe a time when you worked with people who had different opinions. Â  Answer Question,Application
"Nov 17, 2017",Software Engineer Interview,Anonymous Interview Candidate,No Offer,Negative Experience,Average Interview,I applied online. The process took 2 weeks. I interviewed at ExxonMobil in October 2017.,"Typical software engineering questions, object oriented programming with C++. Feels very bad about the interview. Â  1 Answer",Application
"Oct 6, 2017",Intern Interview,Anonymous Employee,Accepted Offer,Positive Experience,Average Interview,I applied through college or university. I interviewed at ExxonMobil.,Tell us about a time when you struggled to bring team unity Â  2 Answers,Application
"Oct 4, 2017",Gas Station Attendant Interview,Anonymous Employee,Accepted Offer,Positive Experience,Easy Interview,I applied through an employee referral. The process took 1 day. I interviewed at ExxonMobil.,Are you a trustworthy person? Â  1 Answer,Application
"Feb 20, 2018",Intern - Hourly Interview,"Anonymous Interview Candidate in Dallas, TX",Declined Offer,Positive Experience,Average Interview,"I applied through a recruiter. The process took 3 weeks. I interviewed at ExxonMobil (Dallas, TX) in October 2017.",How are you a leader? Â  Answer Question,Application
"Oct 31, 2017",Summer Interview,"Anonymous Interview Candidate in Princeton, NJ",No Offer,Positive Experience,Easy Interview,"I applied through college or university. The process took 4+ weeks. I interviewed at ExxonMobil (Princeton, NJ) in October 2017.",Describe a situation where you show your leadership. Â  1 Answer,Application
"Oct 23, 2017",IT Entry Level Interview,"Anonymous Interview Candidate in San Marcos, TX",No Offer,Neutral Experience,Average Interview,"I applied through college or university. The process took 1 day. I interviewed at ExxonMobil (San Marcos, TX) in October 2017.",Why Exxon Mobil? Â  1 Answer,Application
"Oct 2, 2017",Intern Interview,Anonymous Interview Candidate,No Offer,Positive Experience,Easy Interview,I applied through college or university. I interviewed at ExxonMobil.,Why did you choose to apply to Exxon? Â  Answer Question,Application
"Oct 22, 2017",Optimization Specialist Interview,"Anonymous Interview Candidate in Bloomington, IN",No Offer,Positive Experience,Easy Interview,"I applied through college or university. The process took 1 day. I interviewed at ExxonMobil (Bloomington, IN) in October 2017.",Describe a time when you needed someone to do something for you but they refused. How did you handle the situation? What was the outcome? Â  1 Answer,Application
"Oct 20, 2017",Intern Interview,"Anonymous Interview Candidate in Pasadena, CA",Declined Offer,Positive Experience,Average Interview,"I applied through a recruiter. The process took 3 days. I interviewed at ExxonMobil (Pasadena, CA) in October 2017.",What has been your greatest accomplishment since coming [to college]? Â  Answer Question,Application
"Nov 19, 2018",Intern Interview,"Anonymous Interview Candidate in Austin, TX",No Offer,Positive Experience,Average Interview,"I applied online. I interviewed at ExxonMobil (Austin, TX) in October 2017.",Tell me a time when you worked in a team. Â  Answer Question,Application
"Feb 27, 2019",Intern - Hourly Interview,"Anonymous Employee in Baton Rouge, LA",Accepted Offer,Positive Experience,Average Interview,"I applied online. The process took 2 weeks. I interviewed at ExxonMobil (Baton Rouge, LA) in October 2017.","If you could make a change in your current company, what would it be? Â  Answer Question",Application
"Oct 5, 2017",Engineering Interview,"Anonymous Interview Candidate in Atlanta, GA",No Offer,Positive Experience,Average Interview,"I applied through college or university. The process took 3 weeks. I interviewed at ExxonMobil (Atlanta, GA) in October 2017.",Describe a time you had a conflict with a team member and how did you resolve it? Â  Answer Question,Application
"Oct 12, 2017",Mechanical Interview,Anonymous Employee,Accepted Offer,Positive Experience,Easy Interview,I applied through college or university. The process took 2+ months. I interviewed at ExxonMobil in October 2017.,Question about group conflict Â  Answer Question,Application
"Oct 3, 2017",Product Engineer Interview,"Anonymous Interview Candidate in Wichita, KS",No Offer,Neutral Experience,Average Interview,"I applied through college or university. The process took a week. I interviewed at ExxonMobil (Wichita, KS) in October 2017.",tell me about yourself Â  1 Answer,Application
"Oct 17, 2018",PhD Engineering Interview,Anonymous Employee,Accepted Offer,Positive Experience,Average Interview,I applied online. The process took 3+ months. I interviewed at ExxonMobil in October 2017.,Questions were based on my PhD research. Â  Answer Question,Application
"Apr 7, 2018",Fixit Engineer Interview,"Anonymous Interview Candidate in Beaumont, TX",No Offer,Neutral Experience,Difficult Interview,"I applied through college or university. The process took 3 weeks. I interviewed at ExxonMobil (Beaumont, TX) in October 2017.","Behavioral interview and technical interview. For the technical interview i had to solve a pipe stress problem on the fly!!! For the behavior, a lot of tell me about a time questions. Â  Answer Question",Application
"Sep 18, 2017",Internship Interview,Anonymous Employee,Accepted Offer,Positive Experience,Average Interview,I applied through college or university. I interviewed at ExxonMobil.,What qualifies you for Exxon Â  Answer Question,Application
"Sep 7, 2017",Market Research Analyst Interview,Anonymous Interview Candidate,Declined Offer,Negative Experience,Average Interview,I applied through an employee referral. I interviewed at ExxonMobil.,How many dependants? Â  Answer Question,Application
"Nov 30, 2017",Internship Interview,"Anonymous Interview Candidate in Gainesville, FL",Declined Offer,Positive Experience,Average Interview,"I applied through college or university. The process took 5 weeks. I interviewed at ExxonMobil (Gainesville, FL) in September 2017.",When was a time you were a leader? Â  Answer Question,Application
"Dec 21, 2017",Entry Level Electrical Engineer Interview,Anonymous Interview Candidate,No Offer,Negative Experience,Difficult Interview,I applied through college or university. The process took 2 weeks. I interviewed at ExxonMobil in September 2017.,Tell me about a time when you worked on a project and had to make an important engineering decision. What considerations factored in your decision? Â  Answer Question,Application
"Jan 30, 2018",EMRE Project Engineer Interview,"Anonymous Employee in Houston, TX",Accepted Offer,Positive Experience,Average Interview,"I applied through college or university. The process took 5 weeks. I interviewed at ExxonMobil (Houston, TX) in September 2017.","They were all along the lines of STAR questions, looking into your experiences and how well you work with people, etc. Â  1 Answer",Application
"Oct 1, 2018",Internship Interview,"Anonymous Interview Candidate in Norman, OK",No Offer,Neutral Experience,Average Interview,"I applied online. The process took 2 weeks. I interviewed at ExxonMobil (Norman, OK) in September 2017.",How is your graduate research applicable to petroleum and gas? Â  Answer Question,Application
"Oct 22, 2017",Intern Interview,Anonymous Interview Candidate,No Offer,Positive Experience,Average Interview,I applied through college or university. The process took 3 days. I interviewed at ExxonMobil in September 2017.,Describe a time when you had to make a tough decision with a time constraint. Â  Answer Question,Application
"Nov 19, 2018",Intern Interview,Anonymous Interview Candidate,Declined Offer,Positive Experience,Average Interview,I applied online. I interviewed at ExxonMobil in September 2017.,Tell me a time you worked as a team Â  Answer Question,Application
"Sep 20, 2017",Senior Software Engineer Interview,"Anonymous Interview Candidate in Lewisburg, PA",Declined Offer,Positive Experience,Average Interview,"I applied through college or university. I interviewed at ExxonMobil (Lewisburg, PA) in September 2017.",A time you showed leadership Â  Answer Question,Application
"Sep 26, 2019",Engineer Interview,"Anonymous Interview Candidate in New Orleans, LA",No Offer,Negative Experience,Difficult Interview,"I applied through college or university. The process took 4 weeks. I interviewed at ExxonMobil (New Orleans, LA) in September 2017.",Tell us about a time you had to lead a group through a difficult challenge Â  Answer Question,Application
"Dec 20, 2017",Entry Level Engineer Interview,"Anonymous Interview Candidate in Hoboken, NJ",No Offer,Positive Experience,Easy Interview,"I applied through college or university. The process took 2 weeks. I interviewed at ExxonMobil (Hoboken, NJ) in September 2017.",What was your greatest accomplishment so far in life? Â  1 Answer,Application
"Sep 27, 2017",Chemical Engineer Co-Op Interview,"Anonymous Interview Candidate in Austin, TX",Declined Offer,Positive Experience,Average Interview,"I applied through college or university. I interviewed at ExxonMobil (Austin, TX) in September 2017.","Describe a situation in which you had to complete a project without all the necessary resources. Describe a situation in which you completed a project with a unique solution. Describe a time in which you had felt differently about a certain topic, than your team members. What was your favorite project you completed. Â  Answer Question",Application
"Sep 23, 2017",Mechanical Engineer Interview,"Anonymous Employee in Lubbock, TX",Accepted Offer,Positive Experience,Difficult Interview,"I applied through college or university. The process took 2 weeks. I interviewed at ExxonMobil (Lubbock, TX) in September 2017.",Recall a time that you took a leadership role in a group and had to motivate some of the group to complete a task. What was the outcome and how did you go about it? Â  Answer Question,Application
"Jan 20, 2018",Mechanical Engineering Interview,"Anonymous Interview Candidate in Pittsburgh, PA",No Offer,Positive Experience,Average Interview,"I applied through college or university. The process took 2 weeks. I interviewed at ExxonMobil (Pittsburgh, PA) in September 2017.",Why Exxon? Â  Answer Question,Application
"Dec 15, 2017",Cyber Security Analyst Interview,"Anonymous Interview Candidate in Houston, TX",No Offer,Neutral Experience,Difficult Interview,"I applied through a staffing agency. The process took 2 weeks. I interviewed at ExxonMobil (Houston, TX) in September 2017.",Give examples of ransomware attacks you have seen lately Â  1 Answer,Application
"Sep 14, 2018",Process Engineer Interview,Anonymous Interview Candidate,No Offer,Positive Experience,Average Interview,I applied through college or university. The process took 8 weeks. I interviewed at ExxonMobil in September 2017.,How do you think you would fit in here at Exxon? Â  Answer Question,Application
"Sep 28, 2017",Entry Level Geologist Interview,"Anonymous Interview Candidate in Houston, TX",No Offer,Positive Experience,Average Interview,"I applied through college or university. The process took 2 weeks. I interviewed at ExxonMobil (Houston, TX) in September 2017.",Tell me about yourself and your experience. Â  Answer Question,Application
"Sep 14, 2017",Full Time Engineer Interview,"Anonymous Interview Candidate in Denver, CO",No Offer,Positive Experience,Average Interview,"I applied through college or university. I interviewed at ExxonMobil (Denver, CO) in September 2017.",Name a time when something on your project was changed and how did you handle that? Â  1 Answer,Application
"Oct 11, 2017",Engineering Interview Interview,"Anonymous Interview Candidate in State College, PA",No Offer,Positive Experience,Average Interview,"I applied through college or university. The process took 2 weeks. I interviewed at ExxonMobil (State College, PA) in September 2017.",Tell me about yourself Â  Answer Question,Application
"Sep 23, 2019",Refinery Co-op Interview,"Anonymous Employee in Beaumont, TX",Accepted Offer,Positive Experience,Average Interview,"I applied through college or university. The process took 4+ weeks. I interviewed at ExxonMobil (Beaumont, TX) in September 2017.","Describe a time when you worked in a group setting, what conflicts arouse and how did you help solve them? Â  Answer Question",Application
"Aug 9, 2017",Laboratory Technician Interview,Anonymous Employee,Accepted Offer,Positive Experience,Difficult Interview,I applied online. I interviewed at ExxonMobil in July 2017.,Tell me if a time you skipped a step in a procedure to make it go faster Â  1 Answer,Application
"Sep 26, 2017",Warehouse Interview,Anonymous Employee,Accepted Offer,Positive Experience,Average Interview,I applied online. I interviewed at ExxonMobil in July 2017.,Tell me a time when? Â  Answer Question,Application
"Jun 16, 2017",Research Chemist Interview,Anonymous Employee,Accepted Offer,Positive Experience,Average Interview,I applied online. The process took 2+ months. I interviewed at ExxonMobil.,What do you see you self in five years? Â  Answer Question,Application
"Jul 13, 2017",Process Engineer Interview,"Anonymous Employee in Houston, TX",Accepted Offer,Positive Experience,Average Interview,"I applied through an employee referral. I interviewed at ExxonMobil (Houston, TX) in June 2017.",Some behavior questions such as: How do you feel about mentoring undergraduate and graduate students? Â  Answer Question,Application
"Mar 13, 2018",Olefins Technology Engineer Interview,"Anonymous Interview Candidate in Baytown, TX",No Offer,Negative Experience,Average Interview,"I applied online. The process took 4+ weeks. I interviewed at ExxonMobil (Baytown, TX) in June 2017.",Typical STAR type questions and some technical questions Â  Answer Question,Application
"Feb 18, 2017",Financial Analyst Interview,"Anonymous Employee in Houston, TX",Accepted Offer,Positive Experience,Average Interview,"I applied online. The process took a week. I interviewed at ExxonMobil (Houston, TX).",Tell me about yourself Â  Answer Question,Application
"Mar 13, 2017",Internship Interview,Anonymous Interview Candidate,No Offer,Neutral Experience,Difficult Interview,I applied through college or university. I interviewed at ExxonMobil.,What makes kind of things will most satisfy you? Â  Answer Question,Application
"Jun 8, 2017",Sourcing Specialist Interview,"Anonymous Employee in Houston, TX",Accepted Offer,Positive Experience,Easy Interview,"I applied through college or university. The process took 6 days. I interviewed at ExxonMobil (Houston, TX) in March 2017.",Tell us about your time at... Â  Answer Question,Application
"Aug 30, 2018",Chemical Engineer Co-Op Interview,"Anonymous Interview Candidate in Columbus, OH",No Offer,Positive Experience,Easy Interview,"I applied through college or university. The process took 2 weeks. I interviewed at ExxonMobil (Columbus, OH) in March 2017.",What are some ways you've proactively provided safety measures? Â  Answer Question,Application
"Feb 6, 2018",Campus Recruitment Interview,Anonymous Interview Candidate,No Offer,Neutral Experience,Average Interview,I applied through college or university. The process took 1 day. I interviewed at ExxonMobil in March 2017.,All of them are behavior questions. Â  Answer Question,Application
"Mar 11, 2019",Intern Interview,Anonymous Employee,Accepted Offer,Positive Experience,Average Interview,I applied online. The process took 1 day. I interviewed at ExxonMobil in February 2017.,Explain your research project to me as if I didnât know anything about the subject. Â  Answer Question,Application
"Jan 8, 2018",Laboratory Technician Interview,Anonymous Employee,Accepted Offer,Positive Experience,,I applied through other source. The process took 2 weeks. I interviewed at ExxonMobil in January 2017.,What was your greatest contribution to your previous employer? Â  2 Answers,Application
"Jul 13, 2019",Cashier Interview,"Anonymous Employee in Mystic, CT",Accepted Offer,Positive Experience,Easy Interview,"I applied in-person. I interviewed at ExxonMobil (Mystic, CT) in January 2017.",How willing are you to learn new materials? Â  2 Answers,Application
"Feb 28, 2019",Polymer Scientist Interview,"Anonymous Employee in State College, PA",Accepted Offer,Positive Experience,Average Interview,"I applied online. The process took 2+ weeks. I interviewed at ExxonMobil (State College, PA) in January 2017.",Passed projects you worked on? Â  Answer Question,Application
"Apr 18, 2017",Analyzer Engineer Interview,"Anonymous Interview Candidate in Houston, TX",Declined Offer,Positive Experience,Average Interview,"I applied online. I interviewed at ExxonMobil (Houston, TX) in November 2016.",Mostly some standard STAR questions along with follow-up questions about my CV. Asked a lot of questions about my current job and daily tasks as I was doing almost the exact same job at a different company. Â  Answer Question,Application
"Oct 20, 2016",Intern Interview,Anonymous Interview Candidate,No Offer,Positive Experience,Average Interview,I applied through college or university. The process took a week. I interviewed at ExxonMobil.,What has been your least favorite class? Â  Answer Question,Application
"Jan 2, 2017",Entry Level Engineer Interview,"Anonymous Interview Candidate in Houston, TX",No Offer,Positive Experience,Average Interview,"I applied through college or university. The process took 4+ weeks. I interviewed at ExxonMobil (Houston, TX) in November 2016.",- Describe a time you took a leadership position in a team setting. Â  Answer Question,Application
"Dec 1, 2016",Sales Interview,"Anonymous Interview Candidate in New York, NY",Declined Offer,Positive Experience,Easy Interview,"I applied online. I interviewed at ExxonMobil (New York, NY) in November 2016.",Tell me about your prior job experience Â  Answer Question,Application
"Oct 19, 2016",Summer Interview,Anonymous Interview Candidate,No Offer,Positive Experience,Average Interview,I applied through college or university. I interviewed at ExxonMobil.,What is your proudest accomplishment? Â  Answer Question,Application
"Oct 19, 2016",Global Services - Procurement Interview,Anonymous Employee,Accepted Offer,Positive Experience,Average Interview,I applied through college or university. The process took 3 weeks. I interviewed at ExxonMobil.,Can you tell us about a time you failed and how you dealt with it? Â  Answer Question,Application
"Oct 29, 2016",Intern Interview,"Anonymous Interview Candidate in Ann Arbor, MI",No Offer,Positive Experience,Average Interview,"I applied through college or university. I interviewed at ExxonMobil (Ann Arbor, MI) in October 2016.",Asked to go into detail about work experience. Â  Answer Question,Application
"Sep 20, 2017",Intern Interview,"Anonymous Interview Candidate in Berkeley, CA",No Offer,Positive Experience,Average Interview,"I applied through college or university. I interviewed at ExxonMobil (Berkeley, CA) in October 2016.","Is there a situation that you are not agree with your advisor, how you handle it? Â  Answer Question",Application
"Oct 19, 2017",Engineer Interview,"Anonymous Employee in Boston, MA",Accepted Offer,Positive Experience,Average Interview,"I applied online. The process took 3 weeks. I interviewed at ExxonMobil (Boston, MA) in October 2016.",Tell me about your favorite and least favorite class Â  Answer Question,Application
"Dec 13, 2016",Engineering Interview,"Anonymous Interview Candidate in Tuscaloosa, AL",No Offer,Neutral Experience,Average Interview,"I applied through college or university. The process took 4+ weeks. I interviewed at ExxonMobil (Tuscaloosa, AL) in October 2016.",(Something like) Talk about a time someone went against what you said. What did you do about it? Â  Answer Question,Application
"Nov 19, 2016",Business Analyst Interview,"Anonymous Interview Candidate in Spring, TX",No Offer,Negative Experience,Average Interview,"I applied through a recruiter. The process took 5 days. I interviewed at ExxonMobil (Spring, TX) in October 2016.","[Interviewer's exact words] Describe a time when a direct customer was very angry, and how you solved their problem, resulting in a happy customer. Â  1 Answer",Application
"Nov 17, 2016",Data Science Interview,Anonymous Employee,Accepted Offer,Positive Experience,Average Interview,I applied through a recruiter. The process took 4+ weeks. I interviewed at ExxonMobil in October 2016.,How did you implement (insert project here) and why did you choose to do it this way? Â  Answer Question,Application
"Sep 22, 2016",Summer Interview,Anonymous Interview Candidate,No Offer,Positive Experience,Easy Interview,I applied through college or university. The process took 5 days. I interviewed at ExxonMobil.,What is the most difficult course? Â  1 Answer,Application
"Sep 15, 2016",Geophysicist Interview,Anonymous Interview Candidate,No Offer,Positive Experience,Average Interview,I applied through college or university. I interviewed at ExxonMobil.,How do you feel about the oil and gas industry? Â  Answer Question,Application
"Sep 11, 2016",Entry Level Engineer Interview,"Anonymous Employee in Champaign, IL",Accepted Offer,Positive Experience,Average Interview,"I applied through college or university. The process took 2 days. I interviewed at ExxonMobil (Champaign, IL) in September 2016.",How did you convince someone on your team to accept your opinion on an issue? Â  Answer Question,Application
"Aug 27, 2016",Business Analyst Interview,"Anonymous Employee in Houston, TX",Accepted Offer,Positive Experience,Easy Interview,"I applied through college or university. The process took 1+ week. I interviewed at ExxonMobil (Houston, TX).",Take us through your resume. Â  1 Answer,Application
"Oct 25, 2016",Financial Analyst Interview,Anonymous Interview Candidate,No Offer,Positive Experience,Average Interview,I applied through college or university. The process took a week. I interviewed at ExxonMobil in September 2016.,When have you had to motivate a group of people? Â  Answer Question,Application
"Oct 24, 2016",SummerFinancial Services Interview,"Anonymous Interview Candidate in Houston, TX",No Offer,Negative Experience,Easy Interview,"I applied through college or university. The process took 2 weeks. I interviewed at ExxonMobil (Houston, TX) in September 2016.",How did you overcome challenges at your previous work place? Â  Answer Question,Application
"Oct 6, 2016",IT Interview,Anonymous Interview Candidate,No Offer,Positive Experience,Average Interview,I applied through college or university. I interviewed at ExxonMobil in September 2016.,"Do you have any leadership experiences?
How do you handle difficult situation?
How do you handle multitasking?
Have you ever come up with something creative? Â  Answer Question",Application
"Sep 29, 2016",Summer Interview,Anonymous Employee,Accepted Offer,Positive Experience,Average Interview,I applied through college or university. The process took a week. I interviewed at ExxonMobil in September 2016.,Tell me about a time you did not have enough resources to complete a project. Â  Answer Question,Application
"Sep 26, 2017",Software Developer Interview,Anonymous Interview Candidate,No Offer,Neutral Experience,Average Interview,I applied through college or university. The process took a week. I interviewed at ExxonMobil in September 2016.,When was a time you and a team member disagreed? Â  Answer Question,Application
"Dec 28, 2016",Human Resources Interview,"Anonymous Interview Candidate in New York, NY",No Offer,Neutral Experience,Difficult Interview,"I applied through college or university. The process took 4 weeks. I interviewed at ExxonMobil (New York, NY) in September 2016.",Describe a time when you find convinced others to do something they didn't want to do. How did you do it? (Or questions very similar. The questions overlapped a lot.) Â  Answer Question,Application
"Sep 28, 2017",Geoscientist Interview,Anonymous Employee,Accepted Offer,Positive Experience,Average Interview,I applied through college or university. I interviewed at ExxonMobil in September 2016.,Tell us about yourself? Â  Answer Question,Application
"Oct 31, 2016",Engineering Coop Interview,"Anonymous Interview Candidate in New York, NY",No Offer,Neutral Experience,Average Interview,"I applied through college or university. The process took a week. I interviewed at ExxonMobil (New York, NY) in September 2016.",Tell us about a time when you changed someone's mind. Â  Answer Question,Application
"Sep 14, 2017",Geology Interview,Anonymous Interview Candidate,No Offer,Positive Experience,Easy Interview,I applied through college or university. I interviewed at ExxonMobil in September 2016.,How did you overcome a conflict in the workplace? Â  Answer Question,Application
"Sep 29, 2016",Watehouse Interview,"Anonymous Interview Candidate in Cicero, IL",Declined Offer,Positive Experience,Average Interview,"I applied online. The process took 4 weeks. I interviewed at ExxonMobil (Cicero, IL) in September 2016.",Safety and my thoughts on it Â  1 Answer,Application
"Jan 1, 2017",Chemical Engineer Co-op/ Interview,"Anonymous Employee in Provo, UT",Accepted Offer,Positive Experience,Easy Interview,"I applied through college or university. The process took 3+ months. I interviewed at ExxonMobil (Provo, UT) in September 2016.",Tell me about a time you had to convince a team or group to go with your idea over all others. Â  Answer Question,Application
"Aug 17, 2016",Geoscientist Interview,Anonymous Interview Candidate,No Offer,Positive Experience,Average Interview,I applied online. I interviewed at ExxonMobil.,Asked about the type of skills you used in past work/school experience. Â  1 Answer,Application
"Jul 26, 2016",Process Engineer Interview,"Anonymous Employee in Fairfax, VA",Accepted Offer,Positive Experience,Average Interview,"I applied through college or university. The process took 1 day. I interviewed at ExxonMobil (Fairfax, VA).",Mainly about resume and experiences at internships Â  1 Answer,Application
"Aug 28, 2016",Operation Advisor Interview,"Anonymous Employee in Beaumont, TX",Accepted Offer,Positive Experience,Average Interview,"I applied through a staffing agency. I interviewed at ExxonMobil (Beaumont, TX) in August 2016.",What was my safety record? Â  1 Answer,Application
"Aug 7, 2016",Lab Technician Interview,"Anonymous Interview Candidate in Baton Rouge, LA",No Offer,Neutral Experience,Difficult Interview,"I applied online. I interviewed at ExxonMobil (Baton Rouge, LA) in July 2016.",There were a plethora of questions that were asked of how would you handle certain situations and how have you handled certain situations in the past with your employers Â  1 Answer,Application
"Mar 28, 2017",Scientist Interview,"Anonymous Interview Candidate in Baytown, TX",No Offer,Positive Experience,Average Interview,"I applied online. The process took 4+ weeks. I interviewed at ExxonMobil (Baytown, TX) in May 2016.",Related to technical question Â  Answer Question,Application
"May 9, 2016",Process Technician Interview,"Anonymous Employee in Baytown, TX",Accepted Offer,Positive Experience,Easy Interview,"I applied through an employee referral. The process took 3+ months. I interviewed at ExxonMobil (Baytown, TX) in April 2016.","Are you afraid of heights, and will you be ok with having to walk up and down stairs. Â  1 Answer",Application
"Jun 9, 2016",Process Operator Interview,"Anonymous Employee in Houston, TX",Accepted Offer,Positive Experience,Average Interview,"I applied online. I interviewed at ExxonMobil (Houston, TX) in March 2016.","basic behavior tell me about a time you saw a co worker doing something unsafe, they ll ask what is he do not listen to intimidate you to change your answer but stay on note, they also added a scripted part to there interview you ordered a wrong part what would you do, then basic background Â  Answer Question",Application
"Jan 30, 2019",Account Manager Interview,"Anonymous Employee in Austin, TX",Accepted Offer,Neutral Experience,Average Interview,"I applied online. I interviewed at ExxonMobil (Austin, TX) in March 2016.",What attracted you to the role Â  Answer Question,Application
"Feb 27, 2017",Petrol Interview,"Anonymous Interview Candidate in Atlanta, GA",No Offer,Positive Experience,Average Interview,"I applied through college or university. The process took 1 day. I interviewed at ExxonMobil (Atlanta, GA) in March 2016.",Tell me a time where you were limited on resources to complete a project. Â  Answer Question,Application
"Feb 3, 2016",Internal Communications Interview,"Anonymous Employee in Fairfax, VA",Accepted Offer,Positive Experience,Easy Interview,"I applied through a staffing agency. The process took 2 weeks. I interviewed at ExxonMobil (Fairfax, VA).",What experience do you have? Â  Answer Question,Application
"Jan 30, 2016",Process Operator Interview,"Anonymous Interview Candidate in Joliet, IL",No Offer,Positive Experience,,"I applied online. I interviewed at ExxonMobil (Joliet, IL).",Will you take short cuts during operations Â  1 Answer,Application
"Feb 5, 2020",Senior DBA Interview,"Anonymous Employee in Houston, TX",Accepted Offer,Positive Experience,Average Interview,"I applied through an employee referral. The process took 3+ months. I interviewed at ExxonMobil (Houston, TX) in January 2016.",How many years of working experience with databases? Â  1 Answer,Application
"Jan 23, 2017",Quality Engineer Interview,"Anonymous Employee in Houston, TX",Accepted Offer,Positive Experience,Average Interview,"I applied through a recruiter. The process took 2 weeks. I interviewed at ExxonMobil (Houston, TX) in December 2015.",Year of exp. Â  Answer Question,Application
"Nov 10, 2015",Chemical Engineering Interview,Anonymous Employee,Accepted Offer,Positive Experience,,I applied through college or university. I interviewed at ExxonMobil.,"basic behavioral.. tell me about a project, tell me about a challenge Â  Answer Question",Application
"Oct 13, 2016",Internship Interview,"Anonymous Interview Candidate in Los Angeles, CA",Declined Offer,Positive Experience,Easy Interview,"I applied through college or university. The process took 2 weeks. I interviewed at ExxonMobil (Los Angeles, CA) in November 2015.","They did not ask me any specific question, mostly asking what is my future plan after I graduate and asking some personal question. Â  Answer Question",Application
"Apr 21, 2016",Intern Interview,"Anonymous Interview Candidate in Salt Lake City, UT",No Offer,Negative Experience,Difficult Interview,"I applied online. The process took 2+ months. I interviewed at ExxonMobil (Salt Lake City, UT) in November 2015.",Tell me about your college experience before you transfer to this school. Tell me about your research experience. Â  Answer Question,Application
"Oct 23, 2015",Internship Interview,Anonymous Interview Candidate,No Offer,Positive Experience,Average Interview,I applied through college or university. The process took 2 weeks. I interviewed at ExxonMobil.,behavorial Â  Answer Question,Application
"Oct 8, 2015",Mechanical Engineer Interview,Anonymous Interview Candidate,No Offer,Positive Experience,Easy Interview,I applied online. The process took 2+ months. I interviewed at ExxonMobil.,Describe a time when you had a conflict and how you were dealing with it. Â  1 Answer,Application
"Oct 12, 2015",Intern Interview,Anonymous Interview Candidate,No Offer,Negative Experience,Difficult Interview,"On campus Interview. When I stumbled on one question which I didn't really have an answer to, describe a time you had to give up a leadership position, they asked me about 5 more times and made me bomb the interview. Terrible experience.",What leadership experience do you have. Â  Answer Question,Application
"Oct 12, 2015",Intern Interview,Anonymous Interview Candidate,No Offer,Positive Experience,Easy Interview,I applied online. The process took 1 day. I interviewed at ExxonMobil.,Tell me about a project or event you started and finished on your own Â  Answer Question,Application
"Sep 30, 2015",Petroleum Engineer Interview,"Anonymous Interview Candidate in Baton Rouge, LA",No Offer,Positive Experience,Average Interview,"I applied through college or university. I interviewed at ExxonMobil (Baton Rouge, LA).",Describe a time when you were working on team and had to solve a problem? Â  1 Answer,Application
"Nov 24, 2015",Intern Interview,"Anonymous Interview Candidate in Durham, NC",No Offer,Neutral Experience,Average Interview,"I applied through college or university. The process took 1 day. I interviewed at ExxonMobil (Durham, NC) in October 2015.",What was one time you had to make do with less than adequate resources and how did you handle the situation? Â  Answer Question,Application
"Sep 10, 2016",PhD Interview,"Anonymous Interview Candidate in College Station, TX",No Offer,Positive Experience,Average Interview,"I applied through college or university. The process took 1 day. I interviewed at ExxonMobil (College Station, TX) in October 2015.",Tell me about a time when you had to solve a conflict in a team you were part of Â  Answer Question,Application
"Nov 9, 2016",Intern Interview,"Anonymous Interview Candidate in Penn, PA",No Offer,Positive Experience,Average Interview,"I applied through college or university. The process took 2 days. I interviewed at ExxonMobil (Penn, PA) in October 2015.","What was your team work experience?
What do you want us to know about you Â  Answer Question",Application
"Nov 29, 2015",Intern Interview,"Anonymous Interview Candidate in Houston, TX",No Offer,Positive Experience,Difficult Interview,"I applied through college or university. The process took 2+ months. I interviewed at ExxonMobil (Houston, TX) in October 2015.",What are your standards? Â  Answer Question,Application
"Oct 14, 2015",Intern Interview,Anonymous Interview Candidate,No Offer,Positive Experience,Easy Interview,I applied through college or university. The process took 2 weeks. I interviewed at ExxonMobil in October 2015.,"in which section do you prefer to work in? How you can manage multiple responsibilities? When did you do something, which made your group members and your supervisor very interested? Â  Answer Question",Application
"Oct 2, 2015",IT Analyst Interview,"Anonymous Interview Candidate in El Paso, TX",No Offer,Positive Experience,Average Interview,"I applied through college or university. The process took a week. I interviewed at ExxonMobil (El Paso, TX) in October 2015.",How have you shown leadership? Â  Answer Question,Application
"Dec 27, 2015",Engineering Co-Op Interview,"Anonymous Employee in Atlanta, GA",Accepted Offer,Positive Experience,Average Interview,"I applied through college or university. The process took 3 weeks. I interviewed at ExxonMobil (Atlanta, GA) in October 2015.","Tell me a time where you had to motivate someone to complete a task.
What made you choose your major? Â  Answer Question",Application
"Oct 20, 2015",Process Engineer Interview,"Anonymous Employee in Baton Rouge, LA",Accepted Offer,Positive Experience,Difficult Interview,"I applied through college or university. The process took 2 weeks. I interviewed at ExxonMobil (Baton Rouge, LA) in October 2015.","Tell me about a time when you were in a group, and a group member was getting off-track. Â  Answer Question",Application
"Feb 20, 2016",Process Engineer Interview,Anonymous Interview Candidate,No Offer,Neutral Experience,Average Interview,I applied through college or university. I interviewed at ExxonMobil in October 2015.,Describe your three best strengths and three biggest weaknesses? Â  Answer Question,Application
"Oct 13, 2015",Treasure Analyst Interview,"Anonymous Interview Candidate in Philadelphia, PA",No Offer,Neutral Experience,,"I applied through college or university. The process took 1 day. I interviewed at ExxonMobil (Philadelphia, PA) in October 2015.",What do you look for in an investment Â  Answer Question,Application
"Oct 13, 2015",Applications/Infrastructure Interview,"Anonymous Interview Candidate in Houston, TX",No Offer,Positive Experience,Easy Interview,"I applied through college or university. I interviewed at ExxonMobil (Houston, TX) in October 2015.",What was a team you exemplified leadership? Â  Answer Question,Application
"Oct 20, 2015",Architectural/Civil Engineering Interview,"Anonymous Interview Candidate in Austin, TX",No Offer,Neutral Experience,Average Interview,"I applied through college or university. The process took 2 weeks. I interviewed at ExxonMobil (Austin, TX) in October 2015.",Describe a time when you had to solve a difficult problem with multiple solutions. How did you solve it? Â  Answer Question,Application
"Dec 22, 2015",Global Marketing Analyst Position Interview,"Anonymous Interview Candidate in Saint Louis, MO",No Offer,Negative Experience,Difficult Interview,"I applied through college or university. The process took a week. I interviewed at ExxonMobil (Saint Louis, MO) in October 2015.",What was on problem you encountered during your last job? Â  Answer Question,Application
"Sep 22, 2015",Cost Engineer Interview,Anonymous Employee,Accepted Offer,Positive Experience,Average Interview,I applied through college or university. I interviewed at ExxonMobil.,Behavioral questions. What made you interested in project management? Â  1 Answer,Application
"Nov 3, 2015",MBA Interview,"Anonymous Employee in Houston, TX",Accepted Offer,Positive Experience,Easy Interview,"I applied through an employee referral. The process took 3 weeks. I interviewed at ExxonMobil (Houston, TX) in September 2015.",Tell me a time when you negotiated a sale or contract? Â  Answer Question,Application
"Sep 28, 2017",Mechanical Engineer Interview,"Anonymous Employee in Hoboken, NJ",Accepted Offer,Positive Experience,Average Interview,"I applied through college or university. The process took 3 weeks. I interviewed at ExxonMobil (Hoboken, NJ) in September 2015.",Have you ever had a project where you were the leader? Describe how you lead your group and any problems that arose. Â  1 Answer,Application
"Oct 26, 2015",IT Analyst - New Hire Interview,"Anonymous Interview Candidate in Stillwater, OK",No Offer,Positive Experience,Average Interview,"I applied through college or university. The process took 4+ weeks. I interviewed at ExxonMobil (Stillwater, OK) in September 2015.",Tell me about a time you had to persuade your peers of doing something in a work or school setting? Â  Answer Question,Application
"Oct 1, 2015",Intern Interview,Anonymous Employee,Accepted Offer,Positive Experience,Difficult Interview,I applied through college or university. The process took 2 days. I interviewed at ExxonMobil in September 2015.,Describe a time when you had to tell a team member no. How did you continue to work with them. Â  Answer Question,Application
"Nov 1, 2015",IT Analyst Interview,"Anonymous Interview Candidate in Provo, UT",No Offer,Neutral Experience,Easy Interview,"I applied through college or university. The process took 7 weeks. I interviewed at ExxonMobil (Provo, UT) in September 2015.","Tell us of a time that you accomplished something you were very proud of, but had no direction as to going about achieving it. Â  Answer Question",Application
"Nov 29, 2015",Engineer Interview,"Anonymous Interview Candidate in Austin, TX",No Offer,Neutral Experience,Easy Interview,"I applied through college or university. The process took 2 weeks. I interviewed at ExxonMobil (Austin, TX) in September 2015.",No behavioral questions. Every question was about my resume. Â  Answer Question,Application
"Oct 27, 2015",Research Engineer Interview,"Anonymous Interview Candidate in Houston, TX",No Offer,Positive Experience,Average Interview,"I applied through college or university. The process took 2+ weeks. I interviewed at ExxonMobil (Houston, TX) in September 2015.",Talk about your research. Â  Answer Question,Application
"Oct 7, 2015",Chemical Engineer Interview,"Anonymous Interview Candidate in Baton Rouge, LA",No Offer,Neutral Experience,Difficult Interview,"I applied through college or university. I interviewed at ExxonMobil (Baton Rouge, LA) in September 2015.","leadership, group work, etc. typical stuff just a large volume Â  Answer Question",Application
"May 1, 2017",Intern - Monthly Interview,"Anonymous Employee in Austin, TX",Accepted Offer,Positive Experience,Average Interview,"I applied through a recruiter. I interviewed at ExxonMobil (Austin, TX) in September 2015.",Tell me about a situation where you had to use control systems. Â  1 Answer,Application
"Oct 8, 2015",Mechanical Engineering Summer Interview,"Anonymous Interview Candidate in Ithaca, NY",No Offer,Neutral Experience,Average Interview,"I applied through a recruiter. The process took 3 weeks. I interviewed at ExxonMobil (Ithaca, NY) in September 2015.",How would you respond to a project youve been working on for a while being thrown out? Â  Answer Question,Application
"Oct 7, 2015",Downstream Process Engineer Interview,"Anonymous Interview Candidate in College Station, TX",No Offer,Positive Experience,Easy Interview,"I applied through college or university. The process took 4+ weeks. I interviewed at ExxonMobil (College Station, TX) in September 2015.",Tell me about a time where one of your projects changed part-way through and how you adapted. Â  Answer Question,Application
"Oct 5, 2016",Global Services Company Interview,"Anonymous Employee in College Park, MD",Accepted Offer,Positive Experience,Average Interview,"I applied through college or university. The process took 4+ weeks. I interviewed at ExxonMobil (College Park, MD) in September 2015.",Tell us about a time you had to convince your team that your way of doing something was better than the option they were thinking of. Â  1 Answer,Application
"Aug 25, 2015",Research Interview,Anonymous Interview Candidate,No Offer,Positive Experience,Average Interview,I applied through an employee referral. The process took 2+ months. I interviewed at ExxonMobil.,What is an example of a time you handled conflict with colleagues Â  Answer Question,Application
"Aug 13, 2015",Summer Interview,Anonymous Employee,Accepted Offer,Positive Experience,Average Interview,I applied through college or university. The process took 3 weeks. I interviewed at ExxonMobil.,Behavioral questions and questions about resume. Â  Answer Question,Application
"Oct 5, 2015",Cashier Interview,"Anonymous Interview Candidate in Munhall, PA",No Offer,Negative Experience,Easy Interview,"I applied in-person. The process took 1 day. I interviewed at ExxonMobil (Munhall, PA) in August 2015.",What do you do during your spare time? Â  1 Answer,Application
"Jul 20, 2015",Geoscience Technician Interview,"Anonymous Employee in Houston, TX",Accepted Offer,Positive Experience,Easy Interview,"I applied through other source. The process took 1 day. I interviewed at ExxonMobil (Houston, TX).",What skill do you feel is your best asset. Â  Answer Question,Application
"Jul 31, 2015",Process Technician Interview,"Anonymous Interview Candidate in Pensacola, FL",No Offer,Negative Experience,Average Interview,"I applied online. The process took 12+ months. I interviewed at ExxonMobil (Pensacola, FL) in July 2015.",Describe a time that you were faced with a moral issue at work and how did you handle it? Â  Answer Question,Application
"Nov 2, 2015",Process Operator Interview,Anonymous Interview Candidate,No Offer,Neutral Experience,Average Interview,I applied online. The process took 1 day. I interviewed at ExxonMobil in July 2015.,"1) Describe a time when you took initiative.
2) Describe an obstacle that you had to overcome. Â  Answer Question",Application
"May 3, 2015",Continuous Improvement Manager Interview,"Anonymous Interview Candidate in Dallas, TX",Declined Offer,Negative Experience,Average Interview,"I applied through a recruiter. I interviewed at ExxonMobil (Dallas, TX).",Describe what you want out of a career. Â  3 Answers,Application
"May 2, 2015",Environmental Air Advisor Interview,"Anonymous Interview Candidate in Beaumont, TX",No Offer,Neutral Experience,Average Interview,"I applied online. The process took 1 day. I interviewed at ExxonMobil (Beaumont, TX).",Asked about prior work history Â  Answer Question,Application
"Jun 15, 2016",Cashier Interview,"Anonymous Employee in Chicago, IL",Accepted Offer,Positive Experience,Average Interview,"I applied in-person. The process took 3 days. I interviewed at ExxonMobil (Chicago, IL) in May 2015.",What is your current level of education Â  1 Answer,Application
"Apr 5, 2019",Chemical Engineer Interview,"Anonymous Employee in South Houston, TX",Accepted Offer,Positive Experience,Average Interview,"I applied online. The process took 4+ months. I interviewed at ExxonMobil (South Houston, TX) in April 2015.",How would I view my work ethic Â  1 Answer,Application
"Mar 20, 2015",Fuels & Lubricants Offering Interview,Anonymous Interview Candidate,No Offer,Neutral Experience,Average Interview,I applied through college or university. I interviewed at ExxonMobil.,Why ExxonMobil? Â  1 Answer,Application
"Feb 26, 2015",Procurement Associate Interview,Anonymous Employee,Accepted Offer,Positive Experience,Average Interview,I applied through college or university. The process took 3 weeks. I interviewed at ExxonMobil.,Tell me what you know about ExxonMobil. Â  1 Answer,Application
"Feb 5, 2015",Geoscience Interview,Anonymous Interview Candidate,No Offer,Positive Experience,,I applied through college or university. I interviewed at ExxonMobil.,What were some disfunctional groups that you have been a part of? What is your dream job? Â  Answer Question,Application
"Feb 15, 2015",Intern - Hourly Interview,"Anonymous Employee in Bethlehem, PA",Accepted Offer,Positive Experience,Easy Interview,"I applied through college or university. The process took 3 weeks. I interviewed at ExxonMobil (Bethlehem, PA) in February 2015.",Greatest Accomplishment? Time you worked on a team? Where do you think you would best fit at Exxon? Â  Answer Question,Application
"Aug 16, 2016",Government Relations Interview,"Anonymous Interview Candidate in Dallas, TX",No Offer,Negative Experience,Difficult Interview,"I applied through other source. I interviewed at ExxonMobil (Dallas, TX) in February 2015.","Basic interview questions, tell me about your experience, strengths v. weakness etc. Â  Answer Question",Application
"Jan 18, 2015",Chemical Engineer Interview,Anonymous Interview Candidate,No Offer,Neutral Experience,,"All communications were via telephone and text message- no emails which was very strange. First Round interview was quite typical- basic qualifications and leadership. Second round contained 6 interviews, 3 technical and 3 leadership.",Questions about specific components of a refining facility and how would they have to be changed depending on different weather events. Â  Answer Question,Application
"Jan 10, 2015",Engineer Interview,Anonymous Employee,Accepted Offer,Average Interview,,campus interview was very good 1-on-1. done by former graduates of same university. results really depend on how you hit it off with interviewer. min GPA requirements too.,"what are your weaknesses, where do you see yourself in 5years, why choose exxonmobil and the petrochemical industry???????????? Â  Answer Question",Application
"Aug 14, 2015",Intern - Monthly Interview,Anonymous Employee,Accepted Offer,Positive Experience,Easy Interview,I applied through an employee referral. The process took 1 day. I interviewed at ExxonMobil in January 2015.,Why do you want to work for ExxonMobil? Â  1 Answer,Application
"Dec 10, 2014",Process Engineer Interview,Anonymous Employee,Accepted Offer,Positive Experience,Difficult Interview,I applied through college or university. The process took 2+ months. I interviewed at ExxonMobil in December 2014.,An ethical situation that you faced? Managerial or technical? What class did you dislike the most? Â  Answer Question,Application
"Nov 12, 2014",Intern Interview,Anonymous Employee,Accepted Offer,Positive Experience,Average Interview,I applied through college or university. The process took 4 weeks. I interviewed at ExxonMobil.,"The most difficult question for me was ""What is your career goal and how would working at ExxonMobil help you achieve that goal?"" Â  Answer Question",Application
"Jul 19, 2016",Senior Research Engineer Interview,"Anonymous Interview Candidate in Clinton, NJ",No Offer,Negative Experience,Easy Interview,"I applied online. The process took 2 days. I interviewed at ExxonMobil (Clinton, NJ) in December 2014.","Most challenging experience faced in past work experience, why, and what did you learn/gain? Â  Answer Question",Application
"Dec 1, 2014",Summer Interview,Anonymous Interview Candidate,No Offer,,,I got the interview through my current spupervisor who refered me to the recruiter. Only faced the initial phone interview by the team leader. Phone interview lasted for about 45 mins,How did you solve a grudge between two team members? Â  Answer Question,Application
"Nov 18, 2014",Intern Interview,Anonymous Employee,Accepted Offer,,,Interviewed with several different people during one day. Each interview was approx 45 minutes. They took all the candidates who were also interviewing to lunch. Nothing was too difficult. I was just myself and answered each question honestly. Some scenario questions.,How did I go against something someone who was my superior told me to do. Â  1 Answer,Interview
"Nov 10, 2014",Petroleum Engineering Interview,Anonymous Interview Candidate,No Offer,Positive Experience,Easy Interview,I applied through college or university. The process took 1 day. I interviewed at ExxonMobil.,Describe a time in which a disagreement on a project required you to adapt and change your approach. Â  1 Answer,Interview
"Nov 14, 2014",SSSHE Supervisor Interview,Anonymous Employee,Accepted Offer,,,Panel interview all day; most of the time questions related with safety culture; zero incidents; none gets hurt. focus on understanding safety culture and service excellence; great opportunity for any person wanting to learn on how to properly learn how a safety culture needs to work; strong focus on process management from administrative to facilties.,LPS System Â  Answer Question,Interview
"Nov 9, 2014",Engineering Interview,Anonymous Interview Candidate,No Offer,Neutral Experience,Difficult Interview,I applied through college or university. The process took 2 weeks. I interviewed at ExxonMobil.,"No question was excessively difficult, it is useful to know the S.T.A.R. method for approaching the behavioral questions. Â  Answer Question",Interview
"Nov 7, 2014",Customer Service Professional Interview,"Anonymous Employee in Philadelphia, PA",Accepted Offer,Positive Experience,Average Interview,"I applied through other source. The process took 1 day. I interviewed at ExxonMobil (Philadelphia, PA).",Tell me about a time when you were able to influence someone to do something they did not want to do? Â  Answer Question,Interview
"Nov 7, 2014",Global Real Estate and Facilities (GREF) Interview,"Anonymous Employee in Spring, TX",Accepted Offer,Positive Experience,Difficult Interview,"I applied through college or university. The process took 7+ weeks. I interviewed at ExxonMobil (Spring, TX) in November 2014.",Criticism Â  Answer Question,Application
"Nov 2, 2014",Engineer Interview,Anonymous Interview Candidate,No Offer,,,I applied through college or university. The process took 2 days. I interviewed at ExxonMobil.,behavioral questions. Really easy questions...tell me about a time when Â  Answer Question,Application
"Nov 1, 2014",Intern Interview,Anonymous Employee,Accepted Offer,Positive Experience,Easy Interview,I applied through college or university. The process took 4+ weeks. I interviewed at ExxonMobil.,What leadership skills have you learned/acquired through extracurricular activities that would be relevant to working at ExxonMobil? Â  Answer Question,Application
"Oct 8, 2017",Engineer Interview,"Anonymous Employee in Fairfax, VA",Accepted Offer,Positive Experience,Average Interview,"I applied through college or university. The process took 2 days. I interviewed at ExxonMobil (Fairfax, VA) in November 2014.",Tell me about a time you invented something. Tell me about a time you did not meet set expectations. Â  Answer Question,Application
"Nov 28, 2018",Pipeline Controller Interview,"Anonymous Employee in Houston, TX",Accepted Offer,Positive Experience,Difficult Interview,"I applied online. The process took 6+ months. I interviewed at ExxonMobil (Houston, TX) in November 2014.",What to do in case of a mishap? Â  Answer Question,Application
"Sep 8, 2015",Americas Marketing Interview,"Anonymous Employee in Fairfax, VA",Accepted Offer,Positive Experience,Average Interview,"I applied online. The process took 4+ months. I interviewed at ExxonMobil (Fairfax, VA) in November 2014.",Tell me about a time when you had to question authority and what did you do? Â  Answer Question,Application
"Oct 28, 2014",Engineer Interview,Anonymous Interview Candidate,No Offer,Neutral Experience,Average Interview,I applied through college or university. I interviewed at ExxonMobil.,Tell me how you deal with the conflict Â  Answer Question,Application
"Oct 24, 2014",Intern Interview,Anonymous Employee,Accepted Offer,,,I applied through the school. After I applied to hey contacted me for an on campus interview. I then interviewed on campus. Within two weeks I was told that my file had been accepted and sent to hiring managers. Then I was told in a week that I was being flown out for on site interviews. Got offer at the end.,Explain a time when you worked in a group and group members disagreed with you? Â  Answer Question,Application
"Oct 15, 2014",Financial Analyst Interview,Anonymous Interview Candidate,No Offer,,,I applied through college or university. I interviewed at ExxonMobil.,What is the biggest change you had to deal with? Â  Answer Question,Application
"Oct 17, 2014",Systems Analyst Interview,Anonymous Interview Candidate,No Offer,,,"Applied online and received a request for an interview through school job search page. Interviewed on site, was a very straight forward behavioral interview. Interviewer was very nice and informative. He told me about what roles I might be performing on site and a little more about what the internship process would be like.",,Application
"Oct 15, 2014",Research Engineer Interview,Anonymous Interview Candidate,No Offer,Positive Experience,Average Interview,I applied through college or university. The process took a week. I interviewed at ExxonMobil.,How did you convince your team members to follow your idea? Â  Answer Question,Application
"Oct 12, 2015",Petroleum Engineer Interview,Anonymous Interview Candidate,No Offer,Positive Experience,Average Interview,I applied through college or university. I interviewed at ExxonMobil in October 2014.,Describe a situation where you had to chose to go in one direction or another and what was the result? Â  1 Answer,Application
"Mar 26, 2017",Applications Engineer Interview,"Anonymous Employee in Beaumont, TX",Accepted Offer,Positive Experience,Difficult Interview,"I applied online. The process took 4 weeks. I interviewed at ExxonMobil (Beaumont, TX) in October 2014.",Give me one instance where a manager asked you to do something that you felt was unsafe and how you responded. Â  1 Answer,Application
"Oct 6, 2014",IT Analyst Interview,Anonymous Interview Candidate,No Offer,Positive Experience,Easy Interview,The interview consisted of a thorough background explanation and then a series of behavioral questions. My interviewer had a specific amount of time to interview me and only had about three questions that they had to have answered. There were no technical questions at all. The only technicalities discussed were during my explanation of my experience.,Give an example of a time you displayed leadership. Â  Answer Question,Application
"Oct 8, 2014",Intern Interview,Anonymous Interview Candidate,No Offer,Positive Experience,Average Interview,I applied through college or university. The process took 2+ weeks. I interviewed at ExxonMobil in October 2014.,Name a time that you initiated a project and lead throughout? Â  Answer Question,Application
"Oct 3, 2014",Chemical Engineering Interview,Anonymous Interview Candidate,No Offer,Positive Experience,Difficult Interview,I applied online. The process took 5 days. I interviewed at ExxonMobil.,Tell me about a time when you were promised a resource and did not get it. How did you continue the project without the resource? Â  Answer Question,Application
"Oct 12, 2014",Research Engineer Interview,Anonymous Interview Candidate,No Offer,Positive Experience,Average Interview,I interviewed at ExxonMobil in October 2014.,what's the most creative part of your research Â  Answer Question,Application
"Oct 1, 2014",Engineering Interview,Anonymous Interview Candidate,No Offer,Positive Experience,Average Interview,I applied through college or university. I interviewed at ExxonMobil.,None too difficult. When is a time you had to adjust. Â  Answer Question,Application
"Aug 21, 2015",Intern Interview,"Anonymous Employee in Los Angeles, CA",Accepted Offer,Positive Experience,Average Interview,"I applied through a recruiter. The process took 3 weeks. I interviewed at ExxonMobil (Los Angeles, CA) in October 2014.","Describe a time you worked with a team and you resolved a problem.
What are your best qualities Â  Answer Question",Application
"Oct 19, 2014",Intern - Hourly Interview,"Anonymous Interview Candidate in Atlanta, GA",No Offer,Average Interview,,"I applied through college or university. The process took 3 weeks. I interviewed at ExxonMobil (Atlanta, GA) in October 2014.","How was your transition to college?
Name a time when you came up with an innovative solution to a problem.
How do you work with teams? Â  Answer Question",Application
"Sep 24, 2015",IT Interview,Anonymous Employee,Accepted Offer,Positive Experience,Easy Interview,I applied through a recruiter. The process took 2 weeks. I interviewed at ExxonMobil in October 2014.,Tell me about a time when you were on a team with a member who wasn't really contributing that much. How did you handle it? Â  Answer Question,Application
"Mar 2, 2015",Geologist Interview,"Anonymous Interview Candidate in Austin, TX",No Offer,Neutral Experience,Average Interview,"I applied through college or university. The process took 1+ week. I interviewed at ExxonMobil (Austin, TX) in October 2014.",Tell me about yourself. Â  Answer Question,Application
"Oct 21, 2014",Research Engineer Interview,Anonymous Interview Candidate,No Offer,Positive Experience,Easy Interview,I applied through college or university. The process took 3 weeks. I interviewed at ExxonMobil in October 2014.,Describe how did you contribute to your research group Â  Answer Question,Application
"Jan 21, 2016",Project Manager Interview,"Anonymous Employee in Nashville, TN",Accepted Offer,Positive Experience,Average Interview,"I applied through an employee referral. The process took 6 weeks. I interviewed at ExxonMobil (Nashville, TN) in October 2014.",What can you do for ExxonMobil to decrease project completion timeframe Â  1 Answer,Application
"Nov 2, 2014",Research Interview,Anonymous Interview Candidate,No Offer,Neutral Experience,Average Interview,I applied through college or university. The process took 2 weeks. I interviewed at ExxonMobil in October 2014.,What is your proudest acheivement? Â  Answer Question,Application
